<?xml version="1.0" encoding="utf-8" standalone="no"?>
<!DOCTYPE hi2txt SYSTEM "hi2txt.dtd">
<hi2txt label="The Three Stooges In Brides Is Brides">
  <!--
    tested with:
	  mame 0.219 and related hiscore.dat
	  mame 0.181 and embedded hiscore.dat
	history:
	  2020-04-27 fix to display only 21 entries instead of 22
    source: GreatStone
  //-->
  
  <structure file="nvram">
    <check>
      <!-- optional: if defined, it allows to select the good structure versus the provided file
                     useful if multiple structures are defined but hiscore.dat not provided //-->
      <size>4096</size>
    </check>
	<elt size="1157" type="raw" id="UNKNOWN"/>
    <loop count="21">
      <elt size="4" type="int"  id="SCORE" base="16"/>
      <elt size="3" type="text" id="NAME"  ascii-offset="55"/>
    </loop>
  </structure>
  
  <output>
    <table>
      <column id="RANK" src="index" format="+1"/>
      <column id="SCORE"/>
      <column id="NAME"/>
    </table>
  </output>
</hi2txt>
