<?xml version="1.0" encoding="utf-8" standalone="no"?>
<!DOCTYPE hi2txt SYSTEM "hi2txt.dtd">
<hi2txt label="Astro Battle">
  <!--
    tested with mame 0.212 and embedded hiscore.dat
    source: GreatStone
  //-->
  
  <structure file=".hi">
    <check>
      <!-- optional: if defined and hiscore.dat provided, it allows to select the good structure versus the provided file //-->
      <definition>@:maincpu,program,0084,2,00,00
                  @:maincpu,program,4268,5,c1,c1
                  @:maincpu,program,4270,5,c1,c1
                  @:maincpu,program,4278,5,c1,c1
                  @:maincpu,program,4280,5,c1,c1
                  @:maincpu,program,4288,5,c1,c1</definition>
      <!-- optional: if defined, it allows to select the good structure versus the provided file
                     useful if multiple structures are defined but hiscore.dat not provided //-->
      <size>27</size>
    </check>
    <loop count="1">
      <elt size="2" type="int"  id="SCORE" endianness="little_endian" base="16"/>
    </loop>
  </structure>
  
  <output>
    <table>
      <column id="RANK" src="index" format="+1"/>
      <column id="SCORE" format="*10"/>
    </table>
  </output>
</hi2txt>
