<?xml version="1.0" encoding="utf-8" standalone="no"?>
<!DOCTYPE hi2txt SYSTEM "hi2txt.dtd">
<hi2txt label="After Burner">
  <!--
    tested with mame 0.159 and hiscore.dat 2015-07-01
    source: GreatStone
  //-->
  
  <structure file=".hi">
    <check>
      <!-- optional: if defined and hiscore.dat provided, it allows to select the good structure versus the provided file //-->
      <definition>0:ff846e:117:00:00
                  0:ff857f:1:4f:4f</definition> <!-- aburner -->
      <definition>0:ff846e:117:00:00
                  0:ff846f:1:70:70</definition> <!-- aburner2 -->
      <!-- optional: if defined, it allows to select the good structure versus the provided file
                     useful if multiple structures are defined but hiscore.dat not provided //-->
      <size>280</size>
    </check>
    <loop count="20">
      <elt size="4" type="int"  id="SCORE" base="16"/>
      <elt size="4" type="text" id="NAME"/>
      <elt size="2" type="int"  id="HIT" base="16"/>
      <elt size="2" type="int"  id="MEDALS" base="16"/>
      <elt size="2" type="raw"  id="SEPARATOR"/>
    </loop>
  </structure>
  
  <output>
    <table>
      <column id="RANK" src="index" format="+1"/>
      <column id="SCORE" format="*10"/>
      <column id="NAME"/>
      <column id="HIT"/>
      <column id="MEDALS"/>
      <column id="SEPARATOR" format="0x" display="debug"/>
    </table>
  </output>
  
</hi2txt>
