<?xml version="1.0" encoding="utf-8" standalone="no"?>
<!DOCTYPE hi2txt SYSTEM "hi2txt.dtd">
<hi2txt>
  <!--
    tested with mame 0.148 and related hiscore.dat
      source: HiToText
  //-->
  
  <structure file=".hi">
    <check>
      <!-- optional: if defined and hiscore.dat provided, it allows to select the good structure versus the provided file //-->
      <definition>0:e160:40:01:01
                  0:e19e:01:4f:4f</definition>
      <!-- optional: if defined, it allows to select the good structure versus the provided file
                     useful if multiple structures are defined but hiscore.dat not provided //-->
      <size>65</size>
    </check>
    <loop count="8">
      <elt size="3" type="int"  id="SCORE" base="16"/>
      <elt size="4" type="text" id="NAME"  charset="airbustr"/>
      <elt size="1" type="int"  id="PHASE" base="16"/>
    </loop>
    <elt size="1" type="raw"  id="UNUSED"/>
  </structure>
  
  <output>
    <table>
      <column id="RANK" src="index" format="+1"/>
      <column id="SCORE" format="*10"/>
      <column id="NAME"/>
      <column id="PHASE"/>
    </table>
    <field id="UNUSED" format="hexadecimal_string" display="debug"/>
  </output>
  
  <format id="+1"><add>1</add></format>
  <format id="*10"><multiply>10</multiply></format>
  
  <charset id="airbustr">
    <char src="0x00" dst=" "/>
    <char src="0x40" dst="@"/>
  </charset>
</hi2txt>
