<?xml version="1.0" encoding="utf-8" standalone="no"?>
<!DOCTYPE hi2txt SYSTEM "hi2txt.dtd">
<hi2txt label="Alpha Mission 2">
  <!--
    tested with mame 0.159 and hiscore.dat 2015-07-01
    source: GreatStone
  //-->
  
  <structure file="saveram" byte-swap="2">
    <check>
      <!-- optional: if defined, it allows to select the good structure versus the provided file
                     useful if multiple structures are defined but hiscore.dat not provided //-->
      <size>65536</size>
    </check>
    <elt size="904" type="raw" id="DATA"/>
    <loop count="10">
      <elt size="4" type="int" id="SCORE" base="16"/>
    </loop>
    <loop count="10">
      <elt size="3" type="text" id="NAME"/>
      <elt size="1" type="int"  id="AREA" base="16"/>
    </loop>
  </structure>
  
  <output>
    <table>
      <column id="RANK" src="index" format="+1"/>
      <column id="SCORE"/>
      <column id="NAME"/>
      <column id="AREA" format="SuffixAREA"/>
    </table>
  </output>
</hi2txt>
