<?xml version="1.0" encoding="utf-8" standalone="no"?>
<!DOCTYPE hi2txt SYSTEM "hi2txt.dtd">
<hi2txt>
  <!--
    tested with mame 0.148 and related hiscore.dat
      source: HiToText (hi), GreatStone (nvram)
  //-->
  
  <structure file="nvram" byte-swap="2">
    <check>
      <!-- optional: if defined, it allows to select the good structure versus the provided file
                     useful if multiple structures are defined but hiscore.dat not provided //-->
      <size>16384</size>
    </check>
    <elt size="15360" type="raw" id="HEADER"/>
    <loop count="7">
      <elt size="4" type="int"  id="SCORE" base="16"/>
      <elt size="1" type="int"  id="STAGE" base="16"/>
      <elt size="3" type="text" id="NAME"/>
    </loop>  
    <elt size="2" type="raw"  id="UNKNOWN"/>
    <loop count="7">
      <elt size="4" type="int"  id="SCORE 2" base="16"/>
      <elt size="1" type="int"  id="STAGE 2" base="16"/>
      <elt size="3" type="text" id="NAME 2"/>
    </loop>  
    <elt size="2" type="raw"  id="UNKNOWN 2"/>
  </structure>
  
  <structure file=".hi">
    <check>
      <!-- optional: if defined and hiscore.dat provided, it allows to select the good structure versus the provided file //-->
      <definition>0:fffc00:74:00:33
                  0:fff010:4:00:00</definition>
      <!-- optional: if defined, it allows to select the good structure versus the provided file
                     useful if multiple structures are defined but hiscore.dat not provided //-->
      <size>120</size>
    </check>
    <loop count="7">
      <elt size="4" type="int"  id="SCORE" base="16"/>
      <elt size="1" type="int"  id="STAGE" base="16"/>
      <elt size="3" type="text" id="NAME"/>
    </loop>  
    <elt size="2" type="raw"  id="UNKNOWN"/>
    <loop count="7">
      <elt size="4" type="int"  id="SCORE 2" base="16"/>
      <elt size="1" type="int"  id="STAGE 2" base="16"/>
      <elt size="3" type="text" id="NAME 2"/>
    </loop>  
    <elt size="2" type="raw"  id="UNKNOWN 2"/>
    <elt size="4" type="int"  id="TOP SCORE" base="16"/>
  </structure>
  
  <output>
    <table>
      <column id="RANK" src="index" format="+1"/>
      <column id="SCORE"/>
      <column id="NAME"/>
      <column id="STAGE"/>
      <column id="SCORE 2" display="debug"/>
      <column id="NAME 2"  display="debug"/>
      <column id="STAGE 2" display="debug"/>
    </table>
    <field id="TOP SCORE" display="extra"/>
    <field id="UNKNOWN"   format="hexadecimal_string" display="debug"/>
    <field id="UNKNOWN 2" format="hexadecimal_string" display="debug"/>
  </output>
  
  <format id="+1"><add>1</add></format>
</hi2txt>
