<?xml version="1.0" encoding="utf-8" standalone="no"?>
<!DOCTYPE hi2txt SYSTEM "hi2txt.dtd">
<hi2txt>
  <!--
    tested with mame 0.148 and related hiscore.dat
      source: HiToText
  //-->
  
  <structure file=".hi">
    <check>
      <!-- optional: if defined and hiscore.dat provided, it allows to select the good structure versus the provided file //-->
      <definition>0:40db4:46:00:0e
                  0:40d66:4:00:00
                  0:40d68:1:50:50</definition>
      <!-- optional: if defined, it allows to select the good structure versus the provided file
                     useful if multiple structures are defined but hiscore.dat not provided //-->
      <size>75</size>
    </check>
    <loop count="5">
      <elt size="4"  type="int"  id="SCORE" base="16"/>
      <elt size="10" type="text" id="NAME"  charset="amazon"/>
    </loop>
    <elt size="4" type="int" id="TOP SCORE" base="16"/>
  </structure>
  
  <output>
    <table>
      <column id="RANK" src="index" format="+1"/>
      <column id="SCORE"/>
      <column id="NAME"/>
    </table>
    <field id="TOP SCORE" display="extra"/>
  </output>
  
  <format id="+1"><add>1</add></format>
  
  <charset id="amazon">
    <char src="0x00" dst=" "/>
    <char src="0x01" dst="!"/>
    <char src="0x0E" dst="."/>
    <char src="0x11" dst="&amp;"/>
    <char src="0x23" dst="&black-triangle-right;"/>
  </charset>
</hi2txt>
