<?xml version="1.0" encoding="utf-8" standalone="no"?>
<!DOCTYPE hi2txt SYSTEM "hi2txt.dtd">
<hi2txt>
  <!--
    tested with mame 0.148 and related hiscore.dat
      source: HiToText
  //-->
  
  <structure file=".hi">
    <check>
      <!-- optional: if defined and hiscore.dat provided, it allows to select the good structure versus the provided file //-->
      <definition>0:f42:9b:00:4d</definition> <!-- apb //-->
      <definition>0:f42:9b:00:50</definition> <!-- apb2 //-->
      <!-- optional: if defined, it allows to select the good structure versus the provided file
                     useful if multiple structures are defined but hiscore.dat not provided //-->
      <size>155</size>
    </check>
                     <elt size="26" type="raw"  id="UNUSED"/>
    <loop count="25"><elt size="2"  type="int"  id="SCORE" endianness="little_endian"/></loop>
                     <elt size="2"  type="raw"  id="UNUSED 2"/>
    <loop count="25"><elt size="1"  type="text" id="NAME L1"/></loop>
                     <elt size="1"  type="raw"  id="UNUSED 3"/>
    <loop count="25"><elt size="1"  type="text" id="NAME L2"/></loop>
                     <elt size="1"  type="raw"  id="UNUSED 4"/>
    <loop count="25"><elt size="1"  type="text" id="NAME L3"/></loop>
  </structure>
  
  <output>
    <table>
      <column id="RANK" src="index" format="+1"/>
      <column id="SCORE"/>
      <column id="NAME" format="name"/>
    </table>
    <field id="UNUSED"   format="hexadecimal_string" display="debug"/>
    <field id="UNUSED 2" format="hexadecimal_string" display="debug"/>
    <field id="UNUSED 3" format="hexadecimal_string" display="debug"/>
    <field id="UNUSED 4" format="hexadecimal_string" display="debug"/>
  </output>
  
  <format id="+1"><add>1</add></format>
  <format id="name"><concat><column id="NAME L1"/><column id="NAME L2"/><column id="NAME L3"/></concat></format>
</hi2txt>
