<?xml version="1.0" encoding="utf-8" standalone="no"?>
<!DOCTYPE hi2txt SYSTEM "hi2txt.dtd">
<hi2txt>
  <!--
    tested with mame 0.148 and related hiscore.dat
      source: HiToText
  //-->
  
  <structure file=".hi">
    <check>
      <!-- optional: if defined and hiscore.dat provided, it allows to select the good structure versus the provided file //-->
      <definition>0:ef79:23:00:52
                  0:c4df:03:00:00</definition> <!-- arkanoid //-->
      <definition>0:ef79:23:00:4a
                  0:c4df:03:00:00</definition> <!-- block2 //-->
      <definition>0:ef79:23:00:42
                  0:c4df:03:00:00</definition> <!-- arktayt2 //-->
      <definition>0:ef7c:23:00:52
                  0:c4df:03:00:00</definition> <!-- arkatour //-->
      <definition>0:ef75:23:00:52
                  0:c4df:03:00:00</definition> <!-- arkanoidj //-->
      <!-- optional: if defined, it allows to select the good structure versus the provided file
                     useful if multiple structures are defined but hiscore.dat not provided //-->
      <size>38</size>
    </check>
    <loop count="5">
      <elt size="3" type="int"  id="SCORE" base="16"/>
      <elt size="1" type="int"  id="STAGE" base="16"/>
      <elt size="3" type="text" id="NAME"/>
    </loop>
    <elt size="3" type="int" id="TOP SCORE" base="16"/>
  </structure>
  
  <output>
    <table>
      <column id="RANK" src="index" format="+1"/>
      <column id="SCORE" format="*10"/>
      <column id="NAME"/>
      <column id="STAGE"/>
    </table>
    <field id="TOP SCORE" format="*10" display="extra"/>
  </output>
  
  <format id="+1"><add>1</add></format>
  <format id="*10"><multiply>10</multiply></format>
</hi2txt>
