<?xml version="1.0" encoding="utf-8" standalone="no"?>
<!DOCTYPE hi2txt SYSTEM "hi2txt.dtd">
<hi2txt>
  <!--
    tested with mame 0.148 and related hiscore.dat
      source: HiToText
  //-->
  
  <structure file=".hi">
    <check>
      <!-- optional: if defined and hiscore.dat provided, it allows to select the good structure versus the provided file //-->
      <definition>0:401a1a:27:00:17</definition>
      <!-- optional: if defined, it allows to select the good structure versus the provided file
                     useful if multiple structures are defined but hiscore.dat not provided //-->
      <size>39</size>
    </check>
    <loop count="5">
      <elt size="4" type="int"  id="SCORE"/>
    </loop>
    <loop count="5">
      <elt size="3" type="text" id="NAME" charset="arkretrn" ascii-offset="54"/>
      <elt size="1" type="raw"  id="SPACE"/>
      <!-- SPACE of last name not dumped //-->
    </loop>
  </structure>
  
  <output>
    <table>
      <column id="RANK" src="index" format="+1"/>
      <column id="SCORE"/>
      <column id="NAME"/>
      <column id="SPACE" format="0x" display="debug"/>
    </table>
  </output>
  
  <charset id="arkretrn">
    <char src="0x00" dst=" "/>
    <char src="0x01" dst="0"/>
    <char src="0x02" dst="1"/>
    <char src="0x03" dst="2"/>
    <char src="0x04" dst="3"/>
    <char src="0x05" dst="4"/>
    <char src="0x06" dst="5"/>
    <char src="0x07" dst="6"/>
    <char src="0x08" dst="7"/>
    <char src="0x09" dst="8"/>
    <char src="0x0A" dst="9"/>
    <char src="0x25" dst="&amp;"/>
    <char src="0x26" dst="."/>
    <char src="0x27" dst="?"/>
    <char src="0x28" dst="-"/>
  </charset>
</hi2txt>
