<?xml version="1.0" encoding="utf-8" standalone="no"?>
<!DOCTYPE hi2txt SYSTEM "hi2txt.dtd">
<hi2txt>
  <!--
    tested with:
      mame 0.219 and related hiscore.dat
      mame 0.148 and related hiscore.dat
    history:
      2020-04-28 split into 2 tables for easier reading
    source: HiToText, GreatStone
  //-->
  
  <structure file=".hi">
    <check>
      <!-- optional: if defined and hiscore.dat provided, it allows to select the good structure version the provided file //-->
      <definition>0:a2:4:00:00</definition>
      <!-- optional: if defined, it allows to select the good structure version the provided file
                     useful if multiple structures are defined, but hiscore.dat not provided //-->
      <size>4</size>
    </check>
  	<loop count="1"><elt size="2" type="int"  id="TEAM SCORE"/></loop>
    <loop count="1"><elt size="2" type="int"  id="SOLO SCORE"/></loop>
  </structure>
  
  <output>
    <table id="TEAM">
      <column id="RANK"  src="index" format="+1"/>
      <column id="SCORE" src="TEAM SCORE" format="*10"/>
    </table>
    <table id="SOLO">
      <column id="RANK"  src="index" format="+1"/>
      <column id="SCORE" src="SOLO SCORE" format="*10"/>
    </table>
  </output>
</hi2txt>
