<?xml version="1.0" encoding="utf-8" standalone="no"?>
<!DOCTYPE hi2txt SYSTEM "hi2txt.dtd">
<hi2txt>
  <!--
    tested with mame 0.148 and related hiscore.dat
      source: HiToText
  //-->
  
  <structure file=".hi">
    <check>
      <!-- optional: if defined and hiscore.dat provided, it allows to select the good structure versus the provided file //-->
      <definition>0:107800:50:00:01</definition>
      <!-- optional: if defined, it allows to select the good structure versus the provided file
                     useful if multiple structures are defined but hiscore.dat not provided //-->
      <size>80</size>
    </check>
    <loop count="10">
      <elt size="1" type="raw"  id="UNKNOWN"/>
      <elt size="3" type="int"  id="SCORE"     base="16"/>
      <elt size="3" type="text" id="NAME"      charset="asterix" ascii-offset="48"/>
      <elt size="1" type="int"  id="CHARACTER" base="16"/>
    </loop>
  </structure>
  
  <output>
    <table>
      <column id="RANK" src="index" format="+1"/>
      <column id="SCORE"/>
      <column id="NAME"/>
      <column id="CHARACTER" format="character"/>
      <column id="UNKNOWN" format="0x" display="debug"/>
    </table>
  </output>
  
  <format id="character">
    <case src="1" dst="ASTERIX"/>
    <case src="2" dst="OBELIX" default="yes"/>
  </format>
  
  <charset id="asterix">
    <char src="0x00" dst="0"/>
    <char src="0x01" dst="1"/>
    <char src="0x02" dst="2"/>
    <char src="0x03" dst="3"/>
    <char src="0x04" dst="4"/>
    <char src="0x05" dst="5"/>
    <char src="0x06" dst="6"/>
    <char src="0x07" dst="7"/>
    <char src="0x08" dst="8"/>
    <char src="0x09" dst="9"/>
    <char src="0x0A" dst=","/>
    <char src="0x0C" dst="."/>
    <char src="0x0D" dst="!"/>
    <char src="0x0E" dst="?"/>
    <char src="0x0F" dst="-"/>
    <char src="0x10" dst=" "/>
  </charset>
</hi2txt>
