<?xml version="1.0" encoding="utf-8" standalone="no"?>
<!DOCTYPE hi2txt SYSTEM "hi2txt.dtd">
<hi2txt label="Astro Flash">
  <!--
    tested with mame 0.212 and embedded hiscore.dat
    source: GreatStone
  //-->
  
  <structure file=".hi">
    <check>
      <!-- optional: if defined and hiscore.dat provided, it allows to select the good structure versus the provided file //-->
      <definition>@:maincpu,program,f900,37,00,4b
                  @:maincpu,program,c080,4,00,00</definition>
      <!-- optional: if defined, it allows to select the good structure versus the provided file
                     useful if multiple structures are defined but hiscore.dat not provided //-->
      <size>59</size>
    </check>
    <loop count="7">
      <elt size="4" type="int"  id="SCORE" base="16"/>
      <elt size="3" type="text" id="NAME"/>
	  <elt size="1" type="raw"  id="PADDING"/>
    </loop>
    <elt size="4" type="int" id="TOP SCORE" base="16"/>
  </structure>
  
  <output>
    <table>
      <column id="RANK" src="index" format="+1"/>
      <column id="SCORE"/>
      <column id="NAME"/>
    </table>
    <field id="TOP SCORE" display="extra"/>
  </output>
</hi2txt>
