<?xml version="1.0" encoding="utf-8" standalone="no"?>
<!DOCTYPE hi2txt SYSTEM "hi2txt.dtd">
<hi2txt label="Atomic Boy">
  <!--
    tested with mame 0.181 and embedded hiscore.dat
    source: GreatStone
  //-->
  
  <structure file=".hi">
    <check>
      <!-- optional: if defined and hiscore.dat provided, it allows to select the good structure versus the provided file //-->
      <definition>@:maincpu,program,dd00,4,00,05
                  @:maincpu,program,dd04,ac,0,0
                  @:maincpu,program,e78d,6,ff,ff</definition>
      <!-- optional: if defined, it allows to select the good structure versus the provided file
                     useful if multiple structures are defined but hiscore.dat not provided //-->
      <size>182</size>
    </check>
    <loop count="10">
      <elt size="6" type="int"  id="SCORE"   table-index="loop_reverse_index" endianness="little_endian" base="16" nibble-skip="odd"/>
	  <elt size="1" type="raw"  id="UNKNOWN" table-index="loop_reverse_index"/>
      <elt size="3" type="text" id="NAME"    table-index="loop_reverse_index" charset="charconv" ascii-offset="55"/>
      <elt size="6" type="raw"  id="PADDING" table-index="loop_reverse_index"/>
    </loop>
	<elt size="6" type="int" id="TOP SCORE" endianness="little_endian" base="16" nibble-skip="odd"/>
  </structure>
  
  <output>
    <table>
      <column id="RANK" src="index" format="+1"/>
      <column id="SCORE"/>
      <column id="NAME"/>
    </table>
    <field id="TOP SCORE" display="extra"/>
  </output>
  
  <charset id="charconv">
    <char src="0x25" dst=","/>
	<char src="0xFF" dst=" "/>
  </charset>
</hi2txt>
