<?xml version="1.0" encoding="utf-8" standalone="no"?>
<!DOCTYPE hi2txt SYSTEM "hi2txt.dtd">
<hi2txt label="Avalanche">
  <!--
    tested with mame 0.212 and embedded hiscore.dat
    source: GreatStone
  //-->
  
  <structure file=".hi">
    <check>
      <!-- optional: if defined and hiscore.dat provided, it allows to select the good structure versus the provided file //-->
      <definition>@:maincpu,program,009b,2,00,00</definition>
      <!-- optional: if defined, it allows to select the good structure versus the provided file
                     useful if multiple structures are defined but hiscore.dat not provided //-->
      <size>2</size>
    </check>
    <loop count="1">
      <elt size="2" type="int"  id="SCORE" endianness="little_endian" base="16"/>
    </loop>
  </structure>
  
  <output>
    <table>
      <column id="RANK" src="index" format="+1"/>
      <column id="SCORE"/>
    </table>
  </output>
</hi2txt>
