<?xml version="1.0" encoding="utf-8" standalone="no"?>
<!DOCTYPE hi2txt SYSTEM "hi2txt.dtd">
<hi2txt label="Bang Bang Busters">
  <!--
    tested with mame 0.181 and related hiscore.dat
      source: GreatStone
  //-->
  
  <structure file="saveram" byte-swap="2">
    <check>
      <!-- optional: if defined, it allows to select the good structure versus the provided file
                     useful if multiple structures are defined but hiscore.dat not provided //-->
      <size>65536</size>
    </check>
    <elt size="800" type="raw" id="DATA"/>
    <loop count="5">
      <elt size="4" type="int" id="SCORE" base="16"/>
    </loop>
    <loop count="5">
      <elt size="6" type="text" id="NAME" byte-skip="odd" ascii-offset="64"/>
    </loop>
  </structure>
  
  <output>
    <table>
      <column id="RANK" src="index" format="+1"/>
      <column id="SCORE"/>
      <column id="NAME"/>
    </table>
  </output>
</hi2txt>
