<?xml version="1.0" encoding="utf-8" standalone="no"?>
<!DOCTYPE hi2txt SYSTEM "hi2txt.dtd">
<hi2txt>
  <!--
    tested with mame 0.148 and related hiscore.dat
      source: HiToText
  //-->
  
  <structure file=".hi">
    <check>
      <!-- optional: if defined and hiscore.dat provided, it allows to select the good structure versus the provided file //-->
      <definition>0:1050:4:0:0
                  0:1100:50:00:52</definition>
      <!-- optional: if defined, it allows to select the good structure versus the provided file
                     useful if multiple structures are defined but hiscore.dat not provided //-->
      <size>84</size>
    </check>
    <elt size="4" type="int" id="TOP SCORE"/>
    <loop count="10">
      <elt size="4" type="int"  id="SCORE" base="16"/>
      <elt size="1" type="int"  id="STAGE"/>
      <elt size="3" type="text" id="NAME"  charset="battlnts"/>
    </loop>
  </structure>
  
  <output>
    <table>
      <column id="RANK" src="index" format="+1"/>
      <column id="SCORE"/>
      <column id="NAME"/>
      <column id="STAGE"/>
    </table>
    <field id="TOP SCORE" display="extra"/>
  </output>
  
  <charset id="battlnts">
    <char src="0x3C" dst="-"/>
    <char src="0x3D" dst="."/>
    <char src="0x3E" dst="!"/>
    <char src="0x40" dst=" "/>
    <char src="0x5B" dst="'"/>
  </charset>
</hi2txt>
