<?xml version="1.0" encoding="utf-8" standalone="no"?>
<!DOCTYPE hi2txt SYSTEM "hi2txt.dtd">
<hi2txt>
  <!--
    tested with mame 0.153 and hiscore.dat 2014-08-22
      source: GreatStone
  //-->
  
  <structure file=".hi">
    <check>
      <!-- optional: if defined and hiscore.dat provided, it allows to select the good structure versus the provided file //-->
      <definition>0:ed50:b0:00:08</definition>
      <!-- optional: if defined, it allows to select the good structure versus the provided file
                     useful if multiple structures are defined but hiscore.dat not provided //-->
      <size>176</size>
    </check>
    <elt size="6" type="int"  id="TOP SCORE" decoding-profile="bcd-le"/>
    <elt size="2" type="int"  id="DEFAULT2"/>
    <elt size="8" type="raw"  id="EMPTY NAME"/>
    <loop count="10">
      <elt size="6" type="int"  id="SCORE" decoding-profile="bcd-le"/>
      <elt size="2" type="int"  id="DEFAULT"/>
      <elt size="8" type="text" id="NAME"  charset="battroad" ascii-offset="65"/>
    </loop>
  </structure>
  
  <output>
    <table>
      <column id="RANK" src="index" format="+1"/>
      <column id="SCORE"/>
      <column id="NAME"/>
      <column id="DEFAULT" format="0x" display="debug"/>
    </table>
    <field id="TOP SCORE"              display="extra"/>
    <field id="DEFAULT2"   format="0x" display="debug"/>
    <field id="EMPTY NAME" format="0x" display="debug"/>
  </output>
  
  <charset id="battroad">
    <char src="0x1A" dst="!"/>
    <char src="0x1B" dst="."/>
    <char src="0x1C" dst=","/>
    <char src="0x1D" dst="-"/>
  </charset>
</hi2txt>
