<?xml version="1.0" encoding="utf-8" standalone="no"?>
<!DOCTYPE hi2txt SYSTEM "hi2txt.dtd">
<hi2txt>
  <!--
    tested with mame 0.148 and related hiscore.dat
      source: HiToText
  //-->
  
  <structure file="nvram">
    <check>
      <!-- optional: if defined, it allows to select the good structure version the provided file
                     useful if multiple structures are defined, but hiscore.dat not provided //-->
      <size>1024</size>
    </check>
  	<elt size="220" type="raw" id="UNUSED"/>
    <loop count="5">
	    <elt size="6" type="int"  id="SCORE" byte-skip="even" base="16"/>
	    <elt size="6" type="text" id="NAME"  byte-skip="even"/>
    </loop>
    <!-- remaining 744 bytes are also unused //-->
  </structure>
  
  <structure file=".hi">
    <check>
      <!-- optional: if defined and hiscore.dat provided, it allows to select the good structure version the provided file //-->
      <definition>0:4302:3c:00:00
                  0:4301:1:42:42</definition>
      <!-- optional: if defined, it allows to select the good structure version the provided file
                     useful if multiple structures are defined, but hiscore.dat not provided //-->
      <size>61</size>
    </check>
  	<!-- 5th first entries is overwritten the same entry found from the nvram //-->
  	<!-- it allows to display a maximum of entries, if we have hi+nvram, only nvram, or only hi //-->
  	<!--   if nvram+hi: the 5th first entries are taken from the nvram, then the 10 entries are taken from the hi, overwritten nvram one //-->
  	<!--   if only nvram: only the 5th first entries are displayed, taken from the nvram //-->
  	<!--   if only hi: 10 entries are displayed, taken from the hi //-->
  	<loop count="10">
  		<elt size="3" type="int"  id="SCORE" base="16"/>
	    <elt size="3" type="text" id="NAME"/>
    </loop>
    <elt size="1" type="raw" id="CHECK"/>
  </structure>
  
  <output>
    <table>
    	<column id="RANK" src="index" format="+1"/>
    	<column id="SCORE"/>
      <column id="NAME"/>
    </table>  
    <field id="CHECK" display="extra"/>
  </output>
  
  <format id="+1"><add>1</add></format>
</hi2txt>
