<?xml version="1.0" encoding="utf-8" standalone="no"?>
<!DOCTYPE hi2txt SYSTEM "hi2txt.dtd">
<hi2txt>
  <!--
    tested with mame 0.148 and related hiscore.dat
      source: HiToText
  //-->
  
  <structure file=".hi">
    <check>
      <!-- optional: if defined and hiscore.dat provided, it allows to select the good structure versus the provided file //-->
      <definition>0:f9100:a0:00:4c</definition>
      <!-- optional: if defined, it allows to select the good structure versus the provided file
                     useful if multiple structures are defined but hiscore.dat not provided //-->
      <size>160</size>
    </check>
    <loop count="10">
      <elt size="4" type="int"  id="SCORE" base="16"/>
      <elt size="1" type="raw"  id="UNKNOWN 1"/>
      <elt size="1" type="int"  id="STAGE" base="16"/>
      <elt size="4" type="raw"  id="UNKNOWN 2"/>
      <elt size="6" type="text" id="NAME"  byte-skip="odd" charset="bjtwin" ascii-offset="65" ascii-step="4"/>
    </loop>
  </structure>
  
  <output>
    <table>
      <column id="RANK" src="index" format="+1"/>
      <column id="SCORE"/>
      <column id="NAME"/>
      <column id="STAGE"/>
      <column id="UNKNOWN 1" format="0x" display="debug"/>
      <column id="UNKNOWN 2" format="0x" display="debug"/>
    </table>
  </output>
  
  <charset id="bjtwin">
    <char src="0x68" dst="."/>
    <char src="0x80" dst=" "/>
  </charset>
</hi2txt>
