<?xml version="1.0" encoding="utf-8" standalone="no"?>
<!DOCTYPE hi2txt SYSTEM "hi2txt.dtd">
<hi2txt>
  <!--
    tested with mame 0.148 and related hiscore.dat
      source: HiToText
  //-->
  
  <structure file=".hi">
    <check>
      <!-- optional: if defined and hiscore.dat provided, it allows to select the good structure versus the provided file //-->
      <definition>0:e200:50:00:20
                  0:e1e0:8:00:00</definition>
      <!-- optional: if defined, it allows to select the good structure versus the provided file
                     useful if multiple structures are defined but hiscore.dat not provided //-->
      <size>88</size>
    </check>
    <loop count="5">
      <elt size="8" type="int"  id="SCORE" decoding-profile="bcd"/>
      <elt size="4" type="text" id="SPACE 1"/>
      <elt size="3" type="text" id="NAME"  charset="blktiger"/>
      <elt size="1" type="text" id="SPACE 2"/>
    </loop>
    <elt size="8" type="int" id="TOP SCORE" decoding-profile="bcd"/>
  </structure>
  
  <output>
    <table>
      <column id="RANK" src="index" format="+1"/>
      <column id="SCORE" format="*10"/>
      <column id="NAME"/>
      <column id="SPACE 1" display="debug"/>
      <column id="SPACE 2" display="debug"/>
    </table>
    <field id="TOP SCORE" format="*10" display="extra"/>
  </output>
  
  <charset id="blktiger">
    <char src="0x5C" dst="&black-star;"/>
    <char src="0x6A" dst="\"/>
    <char src="0x6C" dst="&black-diamond;"/>
    <char src="0x6D" dst="&black-heart;"/>
  </charset>
</hi2txt>
