<?xml version="1.0" encoding="utf-8" standalone="no"?>
<!DOCTYPE hi2txt SYSTEM "hi2txt.dtd">
<hi2txt>
  <!--
    tested with mame 0.148 and related hiscore.dat
      source: HiToText
  //-->
  
  <structure file=".hi">
    <check>
      <!-- optional: if defined and hiscore.dat provided, it allows to select the good structure versus the provided file //-->
      <definition>0:85b1f:f9:30:00
                  0:85c15:1:02:02</definition>
      <!-- optional: if defined, it allows to select the good structure versus the provided file
                     useful if multiple structures are defined but hiscore.dat not provided //-->
      <size>250</size>
    </check>
    <elt size="16" type="int" id="TOP SCORE"  decoding-profile="bcd" byte-skip="even"/>
    <elt size="5"  type="raw" id="UNKNOWN"    byte-skip="even"/>
    <elt size="16" type="int" id="2UP SCORE" decoding-profile="bcd" byte-skip="odd"/>
    <loop count="20">
      <elt size="4" type="int"  id="SCORE" base="16"/>
      <elt size="3" type="text" id="NAME"  charset="bloodbro"/>
      <elt size="1" type="int"  id="AREA"  base="16"/>
    </loop>
  </structure>
  
  <output>
    <table>
      <column id="RANK" src="index" format="+1"/>
      <column id="SCORE"/>
      <column id="NAME"/>
      <column id="AREA" format="area"/>
    </table>
    <field id="TOP SCORE" display="extra"/>
    <field id="2UP SCORE" display="extra"/>
    <field id="UNKNOWN"   display="debug"/>
  </output>
  
  <format id="area" input-as-subcolumns-input="true">
    <concat>
      <column format="d10"/>
      <column>-</column>
      <column format="%10"/>
    </concat>
  </format>
  
  <charset id="bloodbro">
    <char src="0x20" dst=" "/>
    <char src="0x21" dst="!"/>
    <char src="0x2E" dst="."/>
  </charset>
</hi2txt>
