<?xml version="1.0" encoding="utf-8" standalone="no"?>
<!DOCTYPE hi2txt SYSTEM "hi2txt.dtd">
<hi2txt label="Blasteroids (rev 4)">
  <!--
    tested with mame 0.181 and related hiscore.dat
    source: GreatStone, t. busse
  //-->
  
  <structure file=".hi">
    <check>
      <!-- optional: if defined and hiscore.dat provided, it allows to select the good structure versus the provided file //-->
      <definition>@:maincpu,program,ffff42,32,06,16</definition>
      <!-- optional: if defined, it allows to select the good structure versus the provided file
                     useful if multiple structures are defined but hiscore.dat not provided //-->
      <size>50</size>
    </check>
    <loop count="10">
      <elt size="3" type="int" id="SCORE"/>
      <elt size="2" type="text" id="NAME" decoding-profile="base-40" charset="charconv"/>
    </loop>
  </structure>
  
  <output>
    <table>
      <column id="RANK" src="index" format="+1"/>
      <column id="SCORE"/>
      <column id="NAME"/>
    </table>
  </output>
  
  <charset id="charconv">
    <char src="0x00" dst=" "/>
	<char src="0x1B" dst="0"/>
	<char src="0x1C" dst="1"/>
	<char src="0x1D" dst="2"/>
	<char src="0x1E" dst="3"/>
	<char src="0x1F" dst="4"/>
	<char src="0x20" dst="5"/>
	<char src="0x21" dst="6"/>
	<char src="0x22" dst="7"/>
	<char src="0x23" dst="8"/>
	<char src="0x24" dst="9"/>
	<char src="0x25" dst=":"/>
	<char src="0x26" dst="&lt;"/>
	<char src="0x27" dst="&gt;"/>
  </charset>
</hi2txt>
