<?xml version="1.0" encoding="utf-8" standalone="no"?>
<!DOCTYPE hi2txt SYSTEM "hi2txt.dtd">
<hi2txt>
  <!--
    tested with mame 0.148 and related hiscore.dat
      source: HiToText
  //-->
  
  <structure file=".hi">
    <check>
      <!-- optional: if defined and hiscore.dat provided, it allows to select the good structure versus the provided file //-->
      <definition>0:f00700:98:00:4d
                  0:f00701:1:31:31</definition>
      <!-- optional: if defined, it allows to select the good structure versus the provided file
                     useful if multiple structures are defined but hiscore.dat not provided //-->
      <size>153</size>
    </check>
    <loop count="9">
      <elt size="4" type="int"  id="SCORE" base="16"/>
      <elt size="1" type="int"  id="STAGE" base="16"/>
      <elt size="3" type="text" id="NAME"/>
      <elt size="8" type="text" id="SPACE"/>
    </loop>
    <loop count="1" start="9">
      <elt size="4" type="int"  id="SCORE" base="16"/>
      <elt size="1" type="int"  id="STAGE" base="16"/>
      <elt size="3" type="text" id="NAME"/><!-- last unknown data not extracted //-->
    </loop>
    <elt size="1" type="raw"  id="CHECK"/>
  </structure>
  
  <output>
    <table>
      <column id="RANK" src="index" format="+1"/>
      <column id="SCORE"/>
      <column id="NAME"/>
      <column id="STAGE"/>
      <column id="SPACE" display="debug"/>
    </table>
    <field id="CHECK" display="debug"/>
  </output>
</hi2txt>
