<?xml version="1.0" encoding="utf-8" standalone="no"?>
<!DOCTYPE hi2txt SYSTEM "hi2txt.dtd">
<hi2txt>
  <!--
    tested with mame 0.148 and related hiscore.dat
      source: HiToText
  //-->
  
  <structure file=".hi">
    <check>
      <!-- optional: if defined and hiscore.dat provided, it allows to select the good structure versus the provided file //-->
      <definition>0:0531:27:00:32
                  0:0402:3:00:50</definition>
      <!-- optional: if defined, it allows to select the good structure versus the provided file
                     useful if multiple structures are defined but hiscore.dat not provided //-->
      <size>42</size>
    </check>
    <loop count="6"><elt size="4" type="int"  id="SCORE" base="16"/></loop>
    <loop count="6"><elt size="3" type="text" id="NAME"  charset="brkthru" ascii-offset="29"/></loop>
  </structure>
  
  <output>
    <table line-ignore="SCORE:0">
      <column id="RANK" src="index" format="+1"/>
      <column id="SCORE"/>
      <column id="NAME"/>
    </table>
  </output>
  
  <charset id="brkthru">
    <char src="0x00" dst=" "/>
    <char src="0x06" dst="."/>
  </charset>
</hi2txt>
