<?xml version="1.0" encoding="utf-8" standalone="no"?>
<!DOCTYPE hi2txt SYSTEM "hi2txt.dtd">
<hi2txt>
  <!--
    tested with mame 0.148 and related hiscore.dat
      source: HiToText
  //-->
  
  <structure file=".hi">
    <check>
      <!-- optional: if defined and hiscore.dat provided, it allows to select the good structure versus the provided file //-->
      <definition>0:0033:27:00:FF</definition>
      <!-- optional: if defined, it allows to select the good structure versus the provided file
                     useful if multiple structures are defined but hiscore.dat not provided //-->
      <size>39</size>
    </check>
                    <elt size="3" type="int"  id="TOP SCORE"   endianness="little_endian" base="16"/>
    <loop count="5"><elt size="3" type="int"  id="SCORE"       endianness="little_endian" base="16"/></loop>
                    <elt size="3" type="raw"  id="SEPARATOR 1"/>
    <loop count="5"><elt size="3" type="text" id="NAME"        charset="btime" ascii-offset="54"/></loop>
                    <elt size="3" type="raw"  id="SEPARATOR 2"/>
  </structure>
  
  <output>
    <table>
      <column id="RANK" src="index" format="+1"/>
      <column id="SCORE"/>
      <column id="NAME"/>
    </table>
    <field id="TOP SCORE"               display="extra"/>
    <field id="SEPARATOR 1" format="0x" display="debug"/>
    <field id="SEPARATOR 2" format="0x" display="debug"/>
  </output>
  
  <charset id="btime">
    <char src="0x00" dst=" "/>
    <char src="0xCC" dst="-"/>
    <char src="0xCD" dst=","/>
    <char src="0xCE" dst="?"/>
    <char src="0xCF" dst="&two-exclamations;"/>
  </charset>
</hi2txt>
